"","X1","2011 Noviembre","2011 Octubre","2011 Septiembre","2011 Agosto","2011 Julio","2011 Junio","2011 Mayo","2011 Abril","2011 Marzo","2011 Febrero","2011 Enero","2010 Diciembre","2010 Noviembre","2010 Octubre","2010 Septiembre","2010 Agosto","2010 Julio","2010 Junio","2010 Mayo","2010 Abril","2010 Marzo","2010 Febrero","2010 Enero","2009 Diciembre","2009 Noviembre","2009 Octubre","2009 Septiembre","2009 Agosto","2009 Julio","2009 Junio","2009 Mayo","2009 Abril","2009 Marzo","2009 Febrero","2009 Enero","2008 Diciembre","2008 Noviembre","2008 Octubre","2008 Septiembre","2008 Agosto","2008 Julio","2008 Junio","2008 Mayo","2008 Abril","2008 Marzo","2008 Febrero","2008 Enero","2007 Diciembre","2007 Noviembre","2007 Octubre","2007 Septiembre","2007 Agosto","2007 Julio","2007 Junio","2007 Mayo","2007 Abril","2007 Marzo","2007 Febrero","2007 Enero","2006 Diciembre","2006 Noviembre","2006 Octubre","2006 Septiembre","2006 Agosto","2006 Julio","2006 Junio","2006 Mayo","2006 Abril","2006 Marzo","2006 Febrero","2006 Enero","2005 Diciembre","2005 Noviembre","2005 Octubre","2005 Septiembre","2005 Agosto","2005 Julio","2005 Junio","2005 Mayo","2005 Abril","2005 Marzo","2005 Febrero","2005 Enero","2004 Diciembre","2004 Noviembre","2004 Octubre","2004 Septiembre","2004 Agosto","2004 Julio","2004 Junio","2004 Mayo","2004 Abril","2004 Marzo","2004 Febrero","2004 Enero","2003 Diciembre","2003 Noviembre","2003 Octubre","2003 Septiembre","2003 Agosto","2003 Julio","2003 Junio","2003 Mayo","2003 Abril","2003 Marzo","2003 Febrero","2003 Enero","2002 Diciembre","2002 Noviembre","2002 Octubre","2002 Septiembre","2002 Agosto","2002 Julio","2002 Junio","2002 Mayo","2002 Abril","2002 Marzo","2002 Febrero","2002 Enero"
"1","ÍNDICE GENERAL",NA,NA,NA,NA,NA,NA,NA,NA,NA,NA,NA,NA,NA,NA,NA,NA,NA,NA,NA,NA,NA,NA,NA,NA,NA,NA,NA,NA,NA,NA,NA,NA,NA,NA,NA,NA,NA,NA,NA,NA,NA,NA,NA,NA,NA,NA,NA,NA,NA,NA,NA,NA,NA,NA,NA,NA,NA,NA,NA,NA,NA,NA,NA,NA,NA,NA,NA,NA,NA,NA,NA,NA,NA,NA,NA,NA,NA,NA,NA,NA,NA,NA,NA,NA,NA,NA,NA,NA,NA,NA,NA,NA,NA,NA,NA,NA,NA,NA,NA,NA,NA,NA,NA,NA,NA,NA,NA,NA,NA,NA,NA,NA,NA,NA,NA,NA,NA,NA,NA
"2","Canarias",NA,NA,NA,NA,NA,NA,NA,NA,NA,NA,NA,NA,NA,NA,NA,NA,NA,NA,NA,NA,NA,NA,NA,NA,NA,NA,NA,NA,NA,NA,NA,NA,NA,NA,NA,NA,NA,NA,NA,NA,NA,NA,NA,NA,NA,NA,NA,NA,NA,NA,NA,NA,NA,NA,NA,NA,NA,NA,NA,NA,NA,NA,NA,NA,NA,NA,NA,NA,NA,NA,NA,NA,NA,NA,NA,NA,NA,NA,NA,NA,NA,NA,NA,NA,NA,NA,NA,NA,NA,NA,NA,NA,NA,NA,NA,NA,NA,NA,NA,NA,NA,NA,NA,NA,NA,NA,NA,NA,NA,NA,NA,NA,NA,NA,NA,NA,NA,NA,NA
"3","Índices de Producción Industrial (IPI)","111,835","108,283","110,186","115,072","116,484","113,228","109,376","103,712","110,191","98,478",101631,109093,"110,639",103426,"108,192","112,700",120685,111283,100592,"103,555",110510,98145,106517,115018,107419,110768,106904,"101,880",114374,109351,"109,093",106646,109093,"107,805",102911,"116,306",119140,125064,120428,112056,138975,114374,123132,"127,640",120943,122875,124807,121200,"122,360","128,542","114,760",118496,"131,247","122,875",132277,127769,128928,120814,136399,"137,816","143,225",140649,128542,122875,129315,131118,"127,640",117208,"130,216",106517,107419,123776,123776,125193,130216,118753,"135,884","134,596",126481,141422,"132,020","125,064","128,284",125837,133179,"129,186","127,512","116,950","133,179","131,247",119912,123648,"132,792",113730,"119,011","128,027","118,109","136,656","119,526","116,048",138588,"120,814","120,170",130732,124936,"118,109",120170,"111,412","125,837","135,884","119,912","118,238","134,338","122,102","121,587","121,973","123,648","112,442","121,072"
"4","Tasas de variación anual","1,1","4,7","1,8","2,1","-3,5","1,7","8,7","0,2","-0,3","0,3",-46,-52,"3,0",-66,"1,2","10,6",55,18,-78,"-2,9",13,-90,35,-11,-98,-114,-112,"-9,1",-177,-44,"-11,4",-164,-98,"-12,3",-175,"-4,0",-26,-27,49,-54,59,-69,-69,"-0,1",-62,17,-85,-121,"-14,6","-8,6","-10,7",-36,"1,5","-6,3",36,90,-10,134,270,"11,3","15,7",123,-13,35,-48,-26,"0,9",-171,"-1,4",-148,-163,-16,-71,-31,21,15,"2,0","2,6",55,144,"-0,6","10,0","7,8",-17,128,"-5,5","6,7","0,8","-3,9","8,6",-2,-54,"6,3",-37,"-1,0","14,9","-6,1","0,6","-0,3","-1,9",32,"-1,1","-1,2",72,10,"5,0",-7,"..","..","..","..","..","..","..","..","..","..","..",".."
"5","Tasas de variación de la media en lo que va de año","1,0","1,0","0,6","0,5","0,2","1,0","0,8","-1,1","-1,5","-2,2",-46,-5,"0,0",-3,"0,4","0,3",-11,-22,-30,"-1,8",-14,-29,35,-112,-121,-123,-124,"-12,6",-130,-121,"-13,5",-141,-132,"-14,9",-175,"-2,7",-25,-25,-25,-33,-31,-46,-41,"-3,4",-45,-37,-85,-11,"0,0","1,7","3,0",48,"6,0","6,8",97,114,122,202,270,"-1,5","-2,6",-43,-61,-67,-80,-86,"-9,8",-124,"-10,7",-156,-163,26,30,41,49,53,"5,8","6,4",73,77,"5,4","8,9","7,8",10,12,"0,1","0,8","0,1","0,0","0,7",-8,-10,"0,6",-23,"-1,0","1,6","0,5","1,2","1,3","1,5",19,"1,7","2,2",31,17,"2,0",-7,"..","..","..","..","..","..","..","..","..","..","..",".."
"6","BIENES DE CONSUMO",NA,NA,NA,NA,NA,NA,NA,NA,NA,NA,NA,NA,NA,NA,NA,NA,NA,NA,NA,NA,NA,NA,NA,NA,NA,NA,NA,NA,NA,NA,NA,NA,NA,NA,NA,NA,NA,NA,NA,NA,NA,NA,NA,NA,NA,NA,NA,NA,NA,NA,NA,NA,NA,NA,NA,NA,NA,NA,NA,NA,NA,NA,NA,NA,NA,NA,NA,NA,NA,NA,NA,NA,NA,NA,NA,NA,NA,NA,NA,NA,NA,NA,NA,NA,NA,NA,NA,NA,NA,NA,NA,NA,NA,NA,NA,NA,NA,NA,NA,NA,NA,NA,NA,NA,NA,NA,NA,NA,NA,NA,NA,NA,NA,NA,NA,NA,NA,NA,NA
"7","Canarias",NA,NA,NA,NA,NA,NA,NA,NA,NA,NA,NA,NA,NA,NA,NA,NA,NA,NA,NA,NA,NA,NA,NA,NA,NA,NA,NA,NA,NA,NA,NA,NA,NA,NA,NA,NA,NA,NA,NA,NA,NA,NA,NA,NA,NA,NA,NA,NA,NA,NA,NA,NA,NA,NA,NA,NA,NA,NA,NA,NA,NA,NA,NA,NA,NA,NA,NA,NA,NA,NA,NA,NA,NA,NA,NA,NA,NA,NA,NA,NA,NA,NA,NA,NA,NA,NA,NA,NA,NA,NA,NA,NA,NA,NA,NA,NA,NA,NA,NA,NA,NA,NA,NA,NA,NA,NA,NA,NA,NA,NA,NA,NA,NA,NA,NA,NA,NA,NA,NA
"8","Índices de Producción Industrial (IPI)","111,262","107,440","107,163","109,731","106,483","108,169","103,234","99,238","108,315","93,928",92494,98847,"106,222",91591,"93,732","92,900",112526,105389,98490,"99,085",113597,99442,88498,96468,103248,99442,102772,"91,948",115619,107292,"101,940",107411,120734,"103,129",109315,"111,813",116689,129417,124778,97658,124302,108839,108244,"111,813",102653,105270,114548,110980,"120,020","124,659","104,081",113240,"133,461","116,214",122994,111575,127990,105746,119425,"113,835","132,986",126562,120496,117998,123113,130726,"119,663",114310,"126,205",93137,106817,113478,117165,109315,124778,108244,"128,941","125,254",108125,149876,"124,183","105,984","112,050",119187,124897,"117,522","127,038","110,623","139,290","141,431",111931,118950,"133,342",106103,"111,218","103,962","111,931","129,060","108,720","103,605",132510,"123,351","117,641",117760,113478,"97,539",110623,"95,635","110,147","120,377","103,962","104,913","120,734","109,077","109,671","118,712","118,593","105,032","113,597"
"9","Tasas de variación anual","4,7","17,3","14,3","18,1","-5,4","2,6","4,8","0,2","-4,6","-5,5",45,25,"2,9",-79,"-8,8","1,0",-27,-18,-34,"-7,8",-59,-36,-190,-137,-115,-232,-176,"-5,8",-70,-14,"-5,8",-39,176,"-2,0",-46,"0,8",-28,38,199,-138,-69,-63,-120,"0,2",-198,-4,-41,-25,"-9,7","-1,5","-13,6",-40,"8,4","-11,1",28,-24,14,135,118,"0,3","13,5",158,-34,90,-45,44,"10,7",-237,"1,6",-121,-47,-48,-62,-70,-18,-22,"-7,4","-11,4",-34,260,"-6,9","-0,1","0,7",146,116,"-8,9","16,8","6,8","5,1","14,7",-49,10,"17,5",88,"0,5","8,7","1,6","7,2","4,6","-1,2",98,"13,1","7,3",-8,-43,"-7,1",-26,"..","..","..","..","..","..","..","..","..","..","..",".."
"10","Tasas de variación de la media en lo que va de año","4,2","4,1","2,8","1,4","-0,7","0,1","-0,4","-1,7","-2,3","-0,8",45,-47,"-5,3",-61,"-5,9","-5,5",-63,-70,-80,"-9,1",-95,-115,-190,-71,-65,-60,-38,"-1,8",-13,-2,"0,0",15,33,"-3,4",-46,"-3,9",-42,-44,-54,-81,-74,-75,-77,"-6,6",-87,-24,-41,-11,"-1,0","0,0","0,2",20,"2,9","1,9",49,55,83,126,118,"-0,1","-0,1",-15,-32,-32,-47,-48,"-6,7",-105,"-4,7",-83,-47,-23,-21,-17,-11,-11,"-0,9","0,3",32,48,"-2,4","0,3","0,7",67,60,"5,5","7,3","6,2","6,1","6,3",44,69,"9,0",44,"0,5","3,0","2,5","2,6","2,1","1,8",22,"0,8","-1,5",-36,-46,"-4,8",-26,"..","..","..","..","..","..","..","..","..","..","..",".."
"11","Bienes de consumo duraderos",NA,NA,NA,NA,NA,NA,NA,NA,NA,NA,NA,NA,NA,NA,NA,NA,NA,NA,NA,NA,NA,NA,NA,NA,NA,NA,NA,NA,NA,NA,NA,NA,NA,NA,NA,NA,NA,NA,NA,NA,NA,NA,NA,NA,NA,NA,NA,NA,NA,NA,NA,NA,NA,NA,NA,NA,NA,NA,NA,NA,NA,NA,NA,NA,NA,NA,NA,NA,NA,NA,NA,NA,NA,NA,NA,NA,NA,NA,NA,NA,NA,NA,NA,NA,NA,NA,NA,NA,NA,NA,NA,NA,NA,NA,NA,NA,NA,NA,NA,NA,NA,NA,NA,NA,NA,NA,NA,NA,NA,NA,NA,NA,NA,NA,NA,NA,NA,NA,NA
"12","Canarias",NA,NA,NA,NA,NA,NA,NA,NA,NA,NA,NA,NA,NA,NA,NA,NA,NA,NA,NA,NA,NA,NA,NA,NA,NA,NA,NA,NA,NA,NA,NA,NA,NA,NA,NA,NA,NA,NA,NA,NA,NA,NA,NA,NA,NA,NA,NA,NA,NA,NA,NA,NA,NA,NA,NA,NA,NA,NA,NA,NA,NA,NA,NA,NA,NA,NA,NA,NA,NA,NA,NA,NA,NA,NA,NA,NA,NA,NA,NA,NA,NA,NA,NA,NA,NA,NA,NA,NA,NA,NA,NA,NA,NA,NA,NA,NA,NA,NA,NA,NA,NA,NA,NA,NA,NA,NA,NA,NA,NA,NA,NA,NA,NA,NA,NA,NA,NA,NA,NA
"13","Índices de Producción Industrial (IPI)","153,159","193,178","170,833","83,662","153,411","131,723","165,336","183,580","167,102","165,005",141736,186915,"188,980",184505,"162,131","124,610",194144,160410,146985,"141,821",174867,160065,138379,269185,203438,226845,215142,"111,185",281577,151804,"203,782",198274,264366,"198,619",180375,"257,826",237172,342505,321852,153525,393451,414104,281921,"381,403",319098,364880,349390,422366,"465,050","451,969","317,721",283298,"461,952","338,375",623738,503948,609281,455756,366945,"409,285","557,303",623394,400680,244057,384501,512553,"363,847",338719,"342,161",232353,341128,352832,390697,341128,373486,298789,"394,828","378,305",362815,352144,"310,148","303,264","272,283",372797,383124,"387,943","385,534","262,645","407,220","395,860",386222,365569,"389,320",377616,"362,815","282,954","410,662","311,869","286,741","189,325",302575,"433,037","417,547",393107,375207,"162,819",163163,"191,046","201,372","209,978","187,603","173,146","230,632","190,357","207,913","224,780","196,209","162,819","218,928"
"14","Tasas de variación anual","-19,0","4,7","5,4","-32,9","-21,0","-17,9","12,5","29,4","-4,4","3,1",24,-306,"-7,1",-187,"-24,6","12,1",-311,57,-279,"-28,5",-339,-194,-233,44,-142,-338,-332,"-27,6",-284,-633,"-27,7",-480,-172,"-45,6",-484,"-39,0",-490,-242,13,-458,-148,224,-548,"-24,3",-476,-199,-48,32,"-16,6","-27,5","-20,7",161,"20,1","-34,0",714,488,781,961,76,"16,0","42,6",827,73,-183,-26,355,"0,3",-38,"10,3",-234,253,-54,20,-121,-31,138,"-3,0","-4,4",-61,-37,"-20,3","-19,7","-25,0",318,-67,"24,4","34,5","38,7","34,6","-8,6",-75,-70,"3,8",1319,"122,4","48,1","103,9","48,5","52,8","9,3",312,"127,5","100,8",749,912,"0,0",-255,"..","..","..","..","..","..","..","..","..","..","..",".."
"15","Tasas de variación de la media en lo que va de año","-3,8","-2,0","-2,9","-4,0","-0,8","3,5","8,0","6,9","0,1","2,8",24,-216,"-20,5",-219,"-22,3","-21,9",-245,-229,-271,"-26,9",-264,-213,-233,-344,-372,-388,-394,"-40,2",-409,-433,"-38,4",-405,-377,"-46,9",-484,"-28,0",-270,-247,-248,-271,-255,-272,-337,"-26,9",-278,-132,-48,116,"12,4","16,6","25,3",320,"33,6","36,0",582,543,564,435,76,"15,0","14,9",117,37,32,60,77,"1,1",13,"3,4",-4,253,-77,-79,-90,-86,-93,"-11,6","-13,1",-149,-172,"-21,6","-22,3","-25,0",200,191,"22,6","22,4","20,9","19,5","17,1",245,366,"61,1",1271,"122,4","55,7","56,4","51,6","51,9","51,8",570,"61,9","49,6",363,213,"-14,6",-255,"..","..","..","..","..","..","..","..","..","..","..",".."
"16","Bienes de consumo no duraderos",NA,NA,NA,NA,NA,NA,NA,NA,NA,NA,NA,NA,NA,NA,NA,NA,NA,NA,NA,NA,NA,NA,NA,NA,NA,NA,NA,NA,NA,NA,NA,NA,NA,NA,NA,NA,NA,NA,NA,NA,NA,NA,NA,NA,NA,NA,NA,NA,NA,NA,NA,NA,NA,NA,NA,NA,NA,NA,NA,NA,NA,NA,NA,NA,NA,NA,NA,NA,NA,NA,NA,NA,NA,NA,NA,NA,NA,NA,NA,NA,NA,NA,NA,NA,NA,NA,NA,NA,NA,NA,NA,NA,NA,NA,NA,NA,NA,NA,NA,NA,NA,NA,NA,NA,NA,NA,NA,NA,NA,NA,NA,NA,NA,NA,NA,NA,NA,NA,NA
"17","Canarias",NA,NA,NA,NA,NA,NA,NA,NA,NA,NA,NA,NA,NA,NA,NA,NA,NA,NA,NA,NA,NA,NA,NA,NA,NA,NA,NA,NA,NA,NA,NA,NA,NA,NA,NA,NA,NA,NA,NA,NA,NA,NA,NA,NA,NA,NA,NA,NA,NA,NA,NA,NA,NA,NA,NA,NA,NA,NA,NA,NA,NA,NA,NA,NA,NA,NA,NA,NA,NA,NA,NA,NA,NA,NA,NA,NA,NA,NA,NA,NA,NA,NA,NA,NA,NA,NA,NA,NA,NA,NA,NA,NA,NA,NA,NA,NA,NA,NA,NA,NA,NA,NA,NA,NA,NA,NA,NA,NA,NA,NA,NA,NA,NA,NA,NA,NA,NA,NA,NA
"18","Índices de Producción Industrial (IPI)","110,629","106,145","106,201","110,125","105,774","107,814","102,295","97,964","107,427","92,854",91750,97291,"104,846",89966,"92,598","92,598",111255,104617,97864,"98,665",112743,98550,87791,93056,101412,97062,100725,"92,026",112400,106791,"100,153",105876,118009,"101,412",108279,"109,081",114575,125220,120985,96948,118924,102556,104960,"106,334",98321,100038,109767,104502,"112,858","117,894","99,809",109882,"126,822","111,828",112400,103358,117780,98436,114460,"107,707","124,189",116063,114804,115719,117894,122816,"114,804",109767,"121,900",90538,102099,108394,111026,104388,119725,104617,"123,388","120,069",102442,146853,"121,099","102,099","109,424",113774,119497,"111,484","121,671","108,279","133,919","136,437",105647,113774,"128,196",99809,"105,761","100,611","104,846","126,135","105,532","103,243",130141,"116,292","110,798",111599,107593,"97,635",111599,"94,773","109,767","120,298","103,701","105,189","119,954","108,966","109,081","118,009","118,810","105,532","112,858"
"19","Tasas de variación anual","5,5","18,0","14,7","18,9","-4,9","3,1","4,5","-0,7","-4,7","-5,8",45,46,"3,4",-73,"-8,1","0,6",-10,-20,-23,"-6,8",-45,-28,-189,-147,-115,-225,-167,"-5,1",-55,41,"-4,6",-4,200,"1,4",-14,"4,4",15,62,212,-118,-62,-83,-66,"2,9",-165,16,-41,-30,"-9,1","1,6","-13,1",-50,"7,6","-8,9",-21,-58,-34,87,121,"-0,6","11,9",112,-41,106,-45,23,"12,1",-253,"0,7",-113,-67,-47,-71,-64,-16,-34,"-7,9","-12,0",-30,291,"-5,5","2,3","3,5",131,140,"-11,6","15,3","4,9","2,9","17,3",-46,19,"19,1",22,"-5,2","6,2","-4,5","4,9","1,8","-1,8",85,"6,7","1,6",-54,-94,"-7,5",-11,"..","..","..","..","..","..","..","..","..","..","..",".."
"20","Tasas de variación de la media en lo que va de año","4,4","4,2","2,8","1,5","-0,8","0,0","-0,7","-1,9","-2,4","-0,9",45,-39,"-4,6",-54,"-5,2","-4,8",-55,-63,-71,"-8,3",-87,-111,-189,-54,-45,-38,-14,"0,8",16,30,"2,8",46,64,"-0,1",-14,"-1,7",-22,-26,-36,-64,-56,-55,-49,"-4,5",-68,-15,-41,-21,"-2,0","-1,2","-1,5",-1,"0,7","-0,6",14,23,51,105,121,"-1,1","-1,1",-24,-38,-37,-55,-57,"-7,4",-115,"-5,4",-89,-67,-18,-15,-9,-4,-2,"0,2","1,8",52,71,"-0,3","2,9","3,5",54,48,"4,0","5,9","4,8","4,8","5,2",26,45,"5,3",-18,"-5,2","-0,1","-0,5","-0,2","-0,8","-1,1",-10,"-2,6","-4,4",-59,-60,"-4,2",-11,"..","..","..","..","..","..","..","..","..","..","..",".."
"21","BIENES DE EQUIPO",NA,NA,NA,NA,NA,NA,NA,NA,NA,NA,NA,NA,NA,NA,NA,NA,NA,NA,NA,NA,NA,NA,NA,NA,NA,NA,NA,NA,NA,NA,NA,NA,NA,NA,NA,NA,NA,NA,NA,NA,NA,NA,NA,NA,NA,NA,NA,NA,NA,NA,NA,NA,NA,NA,NA,NA,NA,NA,NA,NA,NA,NA,NA,NA,NA,NA,NA,NA,NA,NA,NA,NA,NA,NA,NA,NA,NA,NA,NA,NA,NA,NA,NA,NA,NA,NA,NA,NA,NA,NA,NA,NA,NA,NA,NA,NA,NA,NA,NA,NA,NA,NA,NA,NA,NA,NA,NA,NA,NA,NA,NA,NA,NA,NA,NA,NA,NA,NA,NA
"22","Canarias",NA,NA,NA,NA,NA,NA,NA,NA,NA,NA,NA,NA,NA,NA,NA,NA,NA,NA,NA,NA,NA,NA,NA,NA,NA,NA,NA,NA,NA,NA,NA,NA,NA,NA,NA,NA,NA,NA,NA,NA,NA,NA,NA,NA,NA,NA,NA,NA,NA,NA,NA,NA,NA,NA,NA,NA,NA,NA,NA,NA,NA,NA,NA,NA,NA,NA,NA,NA,NA,NA,NA,NA,NA,NA,NA,NA,NA,NA,NA,NA,NA,NA,NA,NA,NA,NA,NA,NA,NA,NA,NA,NA,NA,NA,NA,NA,NA,NA,NA,NA,NA,NA,NA,NA,NA,NA,NA,NA,NA,NA,NA,NA,NA,NA,NA,NA,NA,NA,NA
"23","Índices de Producción Industrial (IPI)","159,670","144,596","170,330","218,602","228,530","199,139","204,600","159,067","178,673","137,293",139587,218728,"213,176",177647,"193,931","149,520",172836,176167,143228,"148,409",152110,175797,142488,126203,161733,178017,146929,"158,402",239083,184679,"184,309",219098,205404,"263,510",188750,"205,775",229461,232422,202074,193931,297559,239453,272762,"320,875",227240,226130,222429,223169,"193,561","197,262","165,434",210216,"233,532","210,216",215397,203184,238713,239083,270912,"259,439","320,875",263510,230941,228721,230201,284605,"272,022",245745,"291,637",252407,248706,257588,284976,311623,266471,318284,"380,461","462,993",443378,381571,"425,983","455,221","452,630",302370,402667,"444,118","367,878","294,968","367,878","381,941",379351,356404,"394,525",331978,"309,032","368,618","348,632","461,512","311,252","364,177",414140,"419,691","385,642",551446,316434,"411,179",444858,"317,914","329,757","412,659","363,436","333,828","392,674","374,909","384,532","405,628","334,569","409,328","378,980"
"24","Tasas de variación anual","-25,1","-18,6","-12,2","46,2","32,2","13,0","42,8","7,2","17,5","-21,9",-20,733,"31,8",-2,"32,0","-5,6",-277,-46,-223,"-32,3",-259,-333,-245,-387,-295,-234,-273,"-18,3",-197,-229,"-32,4",-317,-96,"16,5",-151,"-7,8",185,178,221,-77,274,139,266,"57,9",-48,-54,-179,-140,"-39,7","-25,1","-28,4",-81,"1,4","-26,1",-208,-173,-181,-53,89,"0,7","12,6",-154,-133,-281,-395,-385,"-38,6",-356,"-31,5",-446,-451,-148,-292,-298,-276,79,"3,4","21,2",169,71,"8,0","37,1","46,5",-180,155,"-3,8","18,2","-19,0","-11,2","-9,0",-16,-354,"24,7",-193,"-30,5","15,9","5,7","11,8","-14,4","9,1",55,"11,9","0,3",359,-54,"0,5",174,"..","..","..","..","..","..","..","..","..","..","..",".."
"25","Tasas de variación de la media en lo que va de año","5,1","9,1","12,5","16,3","12,2","8,5","7,5","-0,7","-3,2","-13,0",-20,-85,"-13,4",-171,"-18,8","-23,3",-252,-247,-282,"-29,4",-285,-296,-245,-214,-201,-192,-187,"-17,9",-178,-174,"-16,4",-120,-27,"0,8",-151,"10,4",121,115,109,98,121,95,88,"4,7",-97,-120,-179,-169,"-17,1","-14,3","-13,1",-113,"-11,7","-13,6",-109,-83,-56,18,89,"-29,5","-31,4",-346,-363,-381,-392,-392,"-39,3",-395,"-40,6",-448,-451,25,38,75,127,179,"19,1","21,8",219,232,"28,8","41,6","46,5",-97,-90,"-11,1","-12,0","-14,9","-14,3","-14,9",-160,-193,"-11,7",-251,"-30,5","8,1","7,5","7,6","7,1","9,7",98,"10,5","10,3",128,44,"8,6",174,"..","..","..","..","..","..","..","..","..","..","..",".."
"26","BIENES INTERMEDIOS",NA,NA,NA,NA,NA,NA,NA,NA,NA,NA,NA,NA,NA,NA,NA,NA,NA,NA,NA,NA,NA,NA,NA,NA,NA,NA,NA,NA,NA,NA,NA,NA,NA,NA,NA,NA,NA,NA,NA,NA,NA,NA,NA,NA,NA,NA,NA,NA,NA,NA,NA,NA,NA,NA,NA,NA,NA,NA,NA,NA,NA,NA,NA,NA,NA,NA,NA,NA,NA,NA,NA,NA,NA,NA,NA,NA,NA,NA,NA,NA,NA,NA,NA,NA,NA,NA,NA,NA,NA,NA,NA,NA,NA,NA,NA,NA,NA,NA,NA,NA,NA,NA,NA,NA,NA,NA,NA,NA,NA,NA,NA,NA,NA,NA,NA,NA,NA,NA,NA
"27","Canarias",NA,NA,NA,NA,NA,NA,NA,NA,NA,NA,NA,NA,NA,NA,NA,NA,NA,NA,NA,NA,NA,NA,NA,NA,NA,NA,NA,NA,NA,NA,NA,NA,NA,NA,NA,NA,NA,NA,NA,NA,NA,NA,NA,NA,NA,NA,NA,NA,NA,NA,NA,NA,NA,NA,NA,NA,NA,NA,NA,NA,NA,NA,NA,NA,NA,NA,NA,NA,NA,NA,NA,NA,NA,NA,NA,NA,NA,NA,NA,NA,NA,NA,NA,NA,NA,NA,NA,NA,NA,NA,NA,NA,NA,NA,NA,NA,NA,NA,NA,NA,NA,NA,NA,NA,NA,NA,NA,NA,NA,NA,NA,NA,NA,NA,NA,NA,NA,NA,NA
"28","Índices de Producción Industrial (IPI)","150,160","139,720","143,172","122,050","139,668","143,193","132,057","129,472","147,159","128,144",123891,144112,"154,994",152347,"141,760","136,760",149700,144112,136760,"141,465",154700,128525,134113,149700,163524,180582,144701,"142,348",164994,147642,"145,289",140877,155289,"140,289",144407,"151,465",175288,189111,175876,177052,246756,211757,229109,"249,991",227051,246756,236462,249991,"269,402","300,577","271,461",247344,"304,989","278,813",315871,291460,337929,286754,307930,"307,342","312,636",316753,298519,247932,327341,317342,"327,341",283813,"330,870",280578,272343,292931,294695,283813,306754,242344,"317,636","319,694",301460,299695,"292,637","299,107","278,519",284990,299989,"285,872","285,284","236,168","303,813","292,637",272343,271755,"290,872",247932,"221,757","294,989","264,108","296,166","266,755","222,345",269108,"276,167","259,991",262343,270873,"285,578",271461,"257,050","286,166","309,695","274,108","241,462","279,696","257,932","272,049","270,873","262,932","254,697","262,638"
"29","Tasas de variación anual","-3,1","-8,3","1,0","-10,8","-6,7","-0,6","-3,4","-8,5","-4,9","-0,3",-76,-37,"-5,2",-156,"-2,0","-3,9",-93,-24,-59,"0,4",-4,-84,-71,-12,-67,-45,-177,"-19,6",-331,-303,"-36,6",-436,-316,"-43,1",-389,"-39,4",-349,-371,-352,-284,-191,-241,-275,"-14,2",-328,-139,-232,-187,"-13,8","-5,1","-9,1",-2,"-6,8","-12,1",-35,27,21,22,131,"4,9","6,1",116,-27,23,31,-7,"8,6",-53,"13,1",-62,-22,28,-18,-7,75,26,"4,5","9,2",107,103,"0,6","20,6","25,6",-34,136,"-3,5","6,9","6,2","12,9","6,0",48,36,"7,4",-132,"-18,3","14,8","-7,7","-4,4","-2,7","-7,9",-38,"7,1","-4,4",-31,30,"12,1",34,"..","..","..","..","..","..","..","..","..","..","..",".."
"30","Tasas de variación de la media en lo que va de año","-4,9","-5,0","-4,7","-5,4","-4,6","-4,3","-5,0","-5,4","-4,3","-4,0",-76,-55,"-5,7",-57,"-4,4","-4,7",-48,-39,-42,"-3,8",-51,-77,-71,-277,-294,-312,-337,"-35,3",-370,-376,"-38,9",-395,-381,"-41,1",-389,"-27,3",-264,-256,-243,-230,-224,-230,-228,"-21,6",-238,-187,-232,-44,"-3,1","-2,0","-1,6",-7,"-0,7","0,4",30,48,55,76,131,"2,7","2,4",21,11,16,15,12,"1,6",-2,"1,6",-43,-22,72,76,86,97,100,"10,9","12,1",128,133,"14,4","23,0","25,6",17,22,"1,0","1,6","0,9","0,3","-1,8",-34,-53,"-8,1",-157,"-18,3","0,3","-0,9","-0,2","0,3","0,7",19,"2,9","2,0",37,61,"7,7",34,"..","..","..","..","..","..","..","..","..","..","..",".."
"31","ENERGÍA",NA,NA,NA,NA,NA,NA,NA,NA,NA,NA,NA,NA,NA,NA,NA,NA,NA,NA,NA,NA,NA,NA,NA,NA,NA,NA,NA,NA,NA,NA,NA,NA,NA,NA,NA,NA,NA,NA,NA,NA,NA,NA,NA,NA,NA,NA,NA,NA,NA,NA,NA,NA,NA,NA,NA,NA,NA,NA,NA,NA,NA,NA,NA,NA,NA,NA,NA,NA,NA,NA,NA,NA,NA,NA,NA,NA,NA,NA,NA,NA,NA,NA,NA,NA,NA,NA,NA,NA,NA,NA,NA,NA,NA,NA,NA,NA,NA,NA,NA,NA,NA,NA,NA,NA,NA,NA,NA,NA,NA,NA,NA,NA,NA,NA,NA,NA,NA,NA,NA
"32","Canarias",NA,NA,NA,NA,NA,NA,NA,NA,NA,NA,NA,NA,NA,NA,NA,NA,NA,NA,NA,NA,NA,NA,NA,NA,NA,NA,NA,NA,NA,NA,NA,NA,NA,NA,NA,NA,NA,NA,NA,NA,NA,NA,NA,NA,NA,NA,NA,NA,NA,NA,NA,NA,NA,NA,NA,NA,NA,NA,NA,NA,NA,NA,NA,NA,NA,NA,NA,NA,NA,NA,NA,NA,NA,NA,NA,NA,NA,NA,NA,NA,NA,NA,NA,NA,NA,NA,NA,NA,NA,NA,NA,NA,NA,NA,NA,NA,NA,NA,NA,NA,NA,NA,NA,NA,NA,NA,NA,NA,NA,NA,NA,NA,NA,NA,NA,NA,NA,NA,NA
"33","Índices de Producción Industrial (IPI)","102,510","101,039","101,802","108,186","108,618","104,169","101,163","97,462","100,016","93,000",99439,101045,"97,348",96204,"104,918","117,768",115832,103421,91011,"95,059",95852,85201,110023,119000,95059,99636,98492,"96,116",94531,97348,"100,957",90923,84673,"93,563",83617,"105,358",101749,101661,100077,103069,117064,90571,102629,"102,013",105534,103861,103245,96468,"90,747","93,299","88,370",90835,"89,250","91,363",97788,102365,82473,91451,106238,"113,455","105,886",108262,94531,94795,89074,85378,"85,466",78864,"84,057",72879,67070,89602,85113,93651,91451,89690,"89,866","83,617",84057,90483,"87,314","82,297","89,162",88634,89162,"86,346","82,121","87,402","81,241","77,456",79040,83441,"85,378",79128,"93,299","96,468","79,304","90,130","86,170","88,546",100517,"69,798","77,808",86962,92683,"80,008",76136,"80,448","92,595","94,795","85,113","89,954","99,284","88,546","83,617","77,104","87,050","70,767","82,385"
"34","Tasas de variación anual","5,3","5,0","-3,0","-8,1","-6,2","0,7","11,2","2,5","4,3","9,2",-96,-151,"2,4",-34,"6,5","22,5",225,62,-99,"4,5",132,-89,316,129,-66,-20,-16,"-6,7",-192,75,"-1,6",-109,-198,"-9,9",-190,"9,2",121,90,132,135,312,-9,50,"-0,3",280,136,-28,-150,"-14,3","-13,8","-6,5",-42,"0,2","7,0",144,298,-19,255,584,"26,6","24,4",156,34,57,-9,21,"1,7",-128,"-3,7",-114,-248,11,-45,85,114,26,"10,6","8,0",63,84,"2,3","4,0","-4,4",-81,124,"-4,2","-4,7","-1,3","-19,2","11,0",16,-40,"-7,9",-11,"22,5","19,9","-14,4","-4,9","1,2","-1,6",12,"-21,2","-6,9",128,65,"13,1",-76,"..","..","..","..","..","..","..","..","..","..","..",".."
"35","Tasas de variación de la media en lo que va de año","0,4","0,0","-0,6","-0,3","1,1","2,5","2,9","1,0","0,5","-1,4",-96,52,"7,5",80,"9,4","9,8",79,54,52,"9,5",112,102,316,-67,-85,-87,-95,"-10,4",-109,-93,"-12,3",-149,-162,"-14,4",-190,"10,4",105,103,105,101,97,63,77,"8,4",116,48,-28,38,"6,0","8,5","11,7",143,"17,4","20,7",237,263,251,413,584,"2,2","0,0",-24,-45,-56,-73,-84,"-10,4",-133,"-13,4",-184,-248,43,46,56,53,45,"4,8","3,9",31,23,"0,4","-0,6","-4,4",-12,-4,"-1,6","-1,3","-0,9","-0,8","3,0",16,16,"3,6",104,"22,5","-0,7","-2,4","-1,1","-0,7","-0,9",-8,"-1,2","3,2",58,36,"2,0",-76,"..","..","..","..","..","..","..","..","..","..","..",".."
